country,alpha_2_code,alpha_3_code,numeric_code,indicator,time_period,obs_value,sex,unit_multiplier,unit_of_measure,observation_status,observation_confidentaility,time_period_activity_related_to_when_the_data_are_collected,current_age
Afghanistan,AF,AFG,4,"Per cent of young people (aged 15-24 years) with comprehensive, correct knowledge of HIV",2015,1,Female,Units,%,Reported,Free,End of fieldwork,15 to 24 years old
Afghanistan,AF,AFG,4,"Per cent of young people (aged 15-24 years) with comprehensive, correct knowledge of HIV",2015,6.3000002,Male,Units,%,Reported,Free,End of fieldwork,15 to 24 years old
Albania,AL,ALB,8,"Per cent of young people (aged 15-24 years) with comprehensive, correct knowledge of HIV",2009,35.900002,Female,Units,%,Reported,Free,End of fieldwork,15 to 24 years old
Albania,AL,ALB,8,"Per cent of young people (aged 15-24 years) with comprehensive, correct knowledge of HIV",2018,35.099998,Female,Units,%,Reported,Free,End of fieldwork,15 to 24 years old
Albania,AL,ALB,8,"Per cent of young people (aged 15-24 years) with comprehensive, correct knowledge of HIV",2009,22,Male,Units,%,Reported,Free,End of fieldwork,15 to 24 years old
Albania,AL,ALB,8,"Per cent of young people (aged 15-24 years) with comprehensive, correct knowledge of HIV",2018,20.1,Male,Units,%,Reported,Free,End of fieldwork,15 to 24 years old
Armenia,AM,ARM,51,"Per cent of young people (aged 15-24 years) with comprehensive, correct knowledge of HIV",2005,24.4,Female,Units,%,Reported,Free,End of fieldwork,15 to 24 years old
Armenia,AM,ARM,51,"Per cent of young people (aged 15-24 years) with comprehensive, correct knowledge of HIV",2016,20.200001,Female,Units,%,Reported,Free,End of fieldwork,15 to 24 years old
Armenia,AM,ARM,51,"Per cent of young people (aged 15-24 years) with comprehensive, correct knowledge of HIV",2005,18.799999,Male,Units,%,Reported,Free,End of fieldwork,15 to 24 years old
Armenia,AM,ARM,51,"Per cent of young people (aged 15-24 years) with comprehensive, correct knowledge of HIV",2016,12.5,Male,Units,%,Reported,Free,End of fieldwork,15 to 24 years old
Azerbaijan,AZ,AZE,31,"Per cent of young people (aged 15-24 years) with comprehensive, correct knowledge of HIV",2006,4.8000002,Female,Units,%,Reported,Free,End of fieldwork,15 to 24 years old
Azerbaijan,AZ,AZE,31,"Per cent of young people (aged 15-24 years) with comprehensive, correct knowledge of HIV",2006,5.3000002,Male,Units,%,Reported,Free,End of fieldwork,15 to 24 years old
Bangladesh,BD,BGD,50,"Per cent of young people (aged 15-24 years) with comprehensive, correct knowledge of HIV",2007,8,Female,Units,%,Reported,Free,End of fieldwork,15 to 24 years old
Bangladesh,BD,BGD,50,"Per cent of young people (aged 15-24 years) with comprehensive, correct knowledge of HIV",2011,11.9,Female,Units,%,Reported,Free,End of fieldwork,15 to 24 years old
Bangladesh,BD,BGD,50,"Per cent of young people (aged 15-24 years) with comprehensive, correct knowledge of HIV",2014,12.7,Female,Units,%,Reported,Free,End of fieldwork,15 to 24 years old
Bangladesh,BD,BGD,50,"Per cent of young people (aged 15-24 years) with comprehensive, correct knowledge of HIV",2007,17.9,Male,Units,%,Reported,Free,End of fieldwork,15 to 24 years old
Bangladesh,BD,BGD,50,"Per cent of young people (aged 15-24 years) with comprehensive, correct knowledge of HIV",2011,14.4,Male,Units,%,Reported,Free,End of fieldwork,15 to 24 years old
Benin,BJ,BEN,204,"Per cent of young people (aged 15-24 years) with comprehensive, correct knowledge of HIV",2006,15.9,Female,Units,%,Reported,Free,End of fieldwork,15 to 24 years old
Benin,BJ,BEN,204,"Per cent of young people (aged 15-24 years) with comprehensive, correct knowledge of HIV",2012,24.5,Female,Units,%,Reported,Free,End of fieldwork,15 to 24 years old
Benin,BJ,BEN,204,"Per cent of young people (aged 15-24 years) with comprehensive, correct knowledge of HIV",2018,15,Female,Units,%,Reported,Free,End of fieldwork,15 to 24 years old
Benin,BJ,BEN,204,"Per cent of young people (aged 15-24 years) with comprehensive, correct knowledge of HIV",2006,34.799999,Male,Units,%,Reported,Free,End of fieldwork,15 to 24 years old
Benin,BJ,BEN,204,"Per cent of young people (aged 15-24 years) with comprehensive, correct knowledge of HIV",2012,31,Male,Units,%,Reported,Free,End of fieldwork,15 to 24 years old
Benin,BJ,BEN,204,"Per cent of young people (aged 15-24 years) with comprehensive, correct knowledge of HIV",2018,18.6,Male,Units,%,Reported,Free,End of fieldwork,15 to 24 years old
"Bolivia, Plurinational State of",BO,BOL,68,"Per cent of young people (aged 15-24 years) with comprehensive, correct knowledge of HIV",2003,14.9,Female,Units,%,Reported,Free,End of fieldwork,15 to 24 years old
"Bolivia, Plurinational State of",BO,BOL,68,"Per cent of young people (aged 15-24 years) with comprehensive, correct knowledge of HIV",2008,22.4,Female,Units,%,Reported,Free,End of fieldwork,15 to 24 years old
"Bolivia, Plurinational State of",BO,BOL,68,"Per cent of young people (aged 15-24 years) with comprehensive, correct knowledge of HIV",2003,17.799999,Male,Units,%,Reported,Free,End of fieldwork,15 to 24 years old
"Bolivia, Plurinational State of",BO,BOL,68,"Per cent of young people (aged 15-24 years) with comprehensive, correct knowledge of HIV",2008,27.700001,Male,Units,%,Reported,Free,End of fieldwork,15 to 24 years old
Burkina Faso,BF,BFA,854,"Per cent of young people (aged 15-24 years) with comprehensive, correct knowledge of HIV",2003,14.7,Female,Units,%,Reported,Free,End of fieldwork,15 to 24 years old
Burkina Faso,BF,BFA,854,"Per cent of young people (aged 15-24 years) with comprehensive, correct knowledge of HIV",2010,31.1,Female,Units,%,Reported,Free,End of fieldwork,15 to 24 years old
Burkina Faso,BF,BFA,854,"Per cent of young people (aged 15-24 years) with comprehensive, correct knowledge of HIV",2003,21.299999,Male,Units,%,Reported,Free,End of fieldwork,15 to 24 years old
Burkina Faso,BF,BFA,854,"Per cent of young people (aged 15-24 years) with comprehensive, correct knowledge of HIV",2010,35.700001,Male,Units,%,Reported,Free,End of fieldwork,15 to 24 years old
Burundi,BI,BDI,108,"Per cent of young people (aged 15-24 years) with comprehensive, correct knowledge of HIV",2010,44.5,Female,Units,%,Reported,Free,End of fieldwork,15 to 24 years old
Burundi,BI,BDI,108,"Per cent of young people (aged 15-24 years) with comprehensive, correct knowledge of HIV",2017,52.400002,Female,Units,%,Reported,Free,End of fieldwork,15 to 24 years old
Burundi,BI,BDI,108,"Per cent of young people (aged 15-24 years) with comprehensive, correct knowledge of HIV",2010,46.5,Male,Units,%,Reported,Free,End of fieldwork,15 to 24 years old
Burundi,BI,BDI,108,"Per cent of young people (aged 15-24 years) with comprehensive, correct knowledge of HIV",2017,54.900002,Male,Units,%,Reported,Free,End of fieldwork,15 to 24 years old
Cambodia,KH,KHM,116,"Per cent of young people (aged 15-24 years) with comprehensive, correct knowledge of HIV",2000,37.099998,Female,Units,%,Reported,Free,End of fieldwork,15 to 24 years old
Cambodia,KH,KHM,116,"Per cent of young people (aged 15-24 years) with comprehensive, correct knowledge of HIV",2005,50.099998,Female,Units,%,Reported,Free,End of fieldwork,15 to 24 years old
Cambodia,KH,KHM,116,"Per cent of young people (aged 15-24 years) with comprehensive, correct knowledge of HIV",2010,44.400002,Female,Units,%,Reported,Free,End of fieldwork,15 to 24 years old
Cambodia,KH,KHM,116,"Per cent of young people (aged 15-24 years) with comprehensive, correct knowledge of HIV",2014,37.599998,Female,Units,%,Reported,Free,End of fieldwork,15 to 24 years old
Cambodia,KH,KHM,116,"Per cent of young people (aged 15-24 years) with comprehensive, correct knowledge of HIV",2022,23.299999,Female,Units,%,Reported,Free,End of fieldwork,15 to 24 years old
Cambodia,KH,KHM,116,"Per cent of young people (aged 15-24 years) with comprehensive, correct knowledge of HIV",2005,45.200001,Male,Units,%,Reported,Free,End of fieldwork,15 to 24 years old
Cambodia,KH,KHM,116,"Per cent of young people (aged 15-24 years) with comprehensive, correct knowledge of HIV",2010,43.700001,Male,Units,%,Reported,Free,End of fieldwork,15 to 24 years old
Cambodia,KH,KHM,116,"Per cent of young people (aged 15-24 years) with comprehensive, correct knowledge of HIV",2014,45.900002,Male,Units,%,Reported,Free,End of fieldwork,15 to 24 years old
Cambodia,KH,KHM,116,"Per cent of young people (aged 15-24 years) with comprehensive, correct knowledge of HIV",2022,26.5,Male,Units,%,Reported,Free,End of fieldwork,15 to 24 years old
Cameroon,CM,CMR,120,"Per cent of young people (aged 15-24 years) with comprehensive, correct knowledge of HIV",2004,27.4,Female,Units,%,Reported,Free,End of fieldwork,15 to 24 years old
Cameroon,CM,CMR,120,"Per cent of young people (aged 15-24 years) with comprehensive, correct knowledge of HIV",2011,28.700001,Female,Units,%,Reported,Free,End of fieldwork,15 to 24 years old
Cameroon,CM,CMR,120,"Per cent of young people (aged 15-24 years) with comprehensive, correct knowledge of HIV",2018,40.599998,Female,Units,%,Reported,Free,End of fieldwork,15 to 24 years old
Cameroon,CM,CMR,120,"Per cent of young people (aged 15-24 years) with comprehensive, correct knowledge of HIV",2004,34.5,Male,Units,%,Reported,Free,End of fieldwork,15 to 24 years old
Cameroon,CM,CMR,120,"Per cent of young people (aged 15-24 years) with comprehensive, correct knowledge of HIV",2011,33.5,Male,Units,%,Reported,Free,End of fieldwork,15 to 24 years old
Cameroon,CM,CMR,120,"Per cent of young people (aged 15-24 years) with comprehensive, correct knowledge of HIV",2018,35.799999,Male,Units,%,Reported,Free,End of fieldwork,15 to 24 years old
Chad,TD,TCD,148,"Per cent of young people (aged 15-24 years) with comprehensive, correct knowledge of HIV",2004,8.1000004,Female,Units,%,Reported,Free,End of fieldwork,15 to 24 years old
Chad,TD,TCD,148,"Per cent of young people (aged 15-24 years) with comprehensive, correct knowledge of HIV",2015,11.2,Female,Units,%,Reported,Free,End of fieldwork,15 to 24 years old
Chad,TD,TCD,148,"Per cent of young people (aged 15-24 years) with comprehensive, correct knowledge of HIV",2004,20.200001,Male,Units,%,Reported,Free,End of fieldwork,15 to 24 years old
Chad,TD,TCD,148,"Per cent of young people (aged 15-24 years) with comprehensive, correct knowledge of HIV",2015,15.4,Male,Units,%,Reported,Free,End of fieldwork,15 to 24 years old
Colombia,CO,COL,170,"Per cent of young people (aged 15-24 years) with comprehensive, correct knowledge of HIV",2010,24.1,Female,Units,%,Reported,Free,End of fieldwork,15 to 24 years old
Colombia,CO,COL,170,"Per cent of young people (aged 15-24 years) with comprehensive, correct knowledge of HIV",2015,31.9,Female,Units,%,Reported,Free,End of fieldwork,15 to 24 years old
Colombia,CO,COL,170,"Per cent of young people (aged 15-24 years) with comprehensive, correct knowledge of HIV",2015,29,Male,Units,%,Reported,Free,End of fieldwork,15 to 24 years old
Comoros,KM,COM,174,"Per cent of young people (aged 15-24 years) with comprehensive, correct knowledge of HIV",2012,19.1,Female,Units,%,Reported,Free,End of fieldwork,15 to 24 years old
Comoros,KM,COM,174,"Per cent of young people (aged 15-24 years) with comprehensive, correct knowledge of HIV",2012,23.9,Male,Units,%,Reported,Free,End of fieldwork,15 to 24 years old
Congo,CG,COG,178,"Per cent of young people (aged 15-24 years) with comprehensive, correct knowledge of HIV",2005,10,Female,Units,%,Reported,Free,End of fieldwork,15 to 24 years old
Congo,CG,COG,178,"Per cent of young people (aged 15-24 years) with comprehensive, correct knowledge of HIV",2009,8.3000002,Female,Units,%,Reported,Free,End of fieldwork,15 to 24 years old
Congo,CG,COG,178,"Per cent of young people (aged 15-24 years) with comprehensive, correct knowledge of HIV",2012,14.4,Female,Units,%,Reported,Free,End of fieldwork,15 to 24 years old
Congo,CG,COG,178,"Per cent of young people (aged 15-24 years) with comprehensive, correct knowledge of HIV",2005,22,Male,Units,%,Reported,Free,End of fieldwork,15 to 24 years old
Congo,CG,COG,178,"Per cent of young people (aged 15-24 years) with comprehensive, correct knowledge of HIV",2009,21.9,Male,Units,%,Reported,Free,End of fieldwork,15 to 24 years old
Congo,CG,COG,178,"Per cent of young people (aged 15-24 years) with comprehensive, correct knowledge of HIV",2012,27.6,Male,Units,%,Reported,Free,End of fieldwork,15 to 24 years old
Ivory Coast,CI,CIV,384,"Per cent of young people (aged 15-24 years) with comprehensive, correct knowledge of HIV",2005,18,Female,Units,%,Reported,Free,End of fieldwork,15 to 24 years old
Ivory Coast,CI,CIV,384,"Per cent of young people (aged 15-24 years) with comprehensive, correct knowledge of HIV",2012,15.7,Female,Units,%,Reported,Free,End of fieldwork,15 to 24 years old
Ivory Coast,CI,CIV,384,"Per cent of young people (aged 15-24 years) with comprehensive, correct knowledge of HIV",2005,27.6,Male,Units,%,Reported,Free,End of fieldwork,15 to 24 years old
Ivory Coast,CI,CIV,384,"Per cent of young people (aged 15-24 years) with comprehensive, correct knowledge of HIV",2012,24.6,Male,Units,%,Reported,Free,End of fieldwork,15 to 24 years old
"Congo, the Democratic Republic of the",CD,COD,180,"Per cent of young people (aged 15-24 years) with comprehensive, correct knowledge of HIV",2007,15.1,Female,Units,%,Reported,Free,End of fieldwork,15 to 24 years old
"Congo, the Democratic Republic of the",CD,COD,180,"Per cent of young people (aged 15-24 years) with comprehensive, correct knowledge of HIV",2014,18.6,Female,Units,%,Reported,Free,End of fieldwork,15 to 24 years old
"Congo, the Democratic Republic of the",CD,COD,180,"Per cent of young people (aged 15-24 years) with comprehensive, correct knowledge of HIV",2007,20.700001,Male,Units,%,Reported,Free,End of fieldwork,15 to 24 years old
"Congo, the Democratic Republic of the",CD,COD,180,"Per cent of young people (aged 15-24 years) with comprehensive, correct knowledge of HIV",2014,24.9,Male,Units,%,Reported,Free,End of fieldwork,15 to 24 years old
Dominican Republic,DO,DOM,214,"Per cent of young people (aged 15-24 years) with comprehensive, correct knowledge of HIV",2007,40.799999,Female,Units,%,Reported,Free,End of fieldwork,15 to 24 years old
Dominican Republic,DO,DOM,214,"Per cent of young people (aged 15-24 years) with comprehensive, correct knowledge of HIV",2013,44.599998,Female,Units,%,Reported,Free,End of fieldwork,15 to 24 years old
Dominican Republic,DO,DOM,214,"Per cent of young people (aged 15-24 years) with comprehensive, correct knowledge of HIV",2007,33.700001,Male,Units,%,Reported,Free,End of fieldwork,15 to 24 years old
Dominican Republic,DO,DOM,214,"Per cent of young people (aged 15-24 years) with comprehensive, correct knowledge of HIV",2013,41,Male,Units,%,Reported,Free,End of fieldwork,15 to 24 years old
Egypt,EG,EGY,818,"Per cent of young people (aged 15-24 years) with comprehensive, correct knowledge of HIV",2005,4.4000001,Female,Units,%,Reported,Free,End of fieldwork,15 to 24 years old
Egypt,EG,EGY,818,"Per cent of young people (aged 15-24 years) with comprehensive, correct knowledge of HIV",2014,2.9000001,Female,Units,%,Reported,Free,End of fieldwork,15 to 24 years old
Swaziland,SZ,SWZ,748,"Per cent of young people (aged 15-24 years) with comprehensive, correct knowledge of HIV",2007,52.099998,Female,Units,%,Reported,Free,End of fieldwork,15 to 24 years old
Swaziland,SZ,SWZ,748,"Per cent of young people (aged 15-24 years) with comprehensive, correct knowledge of HIV",2007,52.299999,Male,Units,%,Reported,Free,End of fieldwork,15 to 24 years old
Ethiopia,ET,ETH,231,"Per cent of young people (aged 15-24 years) with comprehensive, correct knowledge of HIV",2005,19.9,Female,Units,%,Reported,Free,End of fieldwork,15 to 24 years old
Ethiopia,ET,ETH,231,"Per cent of young people (aged 15-24 years) with comprehensive, correct knowledge of HIV",2011,23.9,Female,Units,%,Reported,Free,End of fieldwork,15 to 24 years old
Ethiopia,ET,ETH,231,"Per cent of young people (aged 15-24 years) with comprehensive, correct knowledge of HIV",2016,24.299999,Female,Units,%,Reported,Free,End of fieldwork,15 to 24 years old
Ethiopia,ET,ETH,231,"Per cent of young people (aged 15-24 years) with comprehensive, correct knowledge of HIV",2005,32.799999,Male,Units,%,Reported,Free,End of fieldwork,15 to 24 years old
Ethiopia,ET,ETH,231,"Per cent of young people (aged 15-24 years) with comprehensive, correct knowledge of HIV",2011,34.200001,Male,Units,%,Reported,Free,End of fieldwork,15 to 24 years old
Ethiopia,ET,ETH,231,"Per cent of young people (aged 15-24 years) with comprehensive, correct knowledge of HIV",2016,39.099998,Male,Units,%,Reported,Free,End of fieldwork,15 to 24 years old
Gabon,GA,GAB,266,"Per cent of young people (aged 15-24 years) with comprehensive, correct knowledge of HIV",2012,29.799999,Female,Units,%,Reported,Free,End of fieldwork,15 to 24 years old
Gabon,GA,GAB,266,"Per cent of young people (aged 15-24 years) with comprehensive, correct knowledge of HIV",2012,36.099998,Male,Units,%,Reported,Free,End of fieldwork,15 to 24 years old
Gambia,GM,GMB,270,"Per cent of young people (aged 15-24 years) with comprehensive, correct knowledge of HIV",2013,25.799999,Female,Units,%,Reported,Free,End of fieldwork,15 to 24 years old
Gambia,GM,GMB,270,"Per cent of young people (aged 15-24 years) with comprehensive, correct knowledge of HIV",2020,22.4,Female,Units,%,Reported,Free,End of fieldwork,15 to 24 years old
Gambia,GM,GMB,270,"Per cent of young people (aged 15-24 years) with comprehensive, correct knowledge of HIV",2013,32.299999,Male,Units,%,Reported,Free,End of fieldwork,15 to 24 years old
Gambia,GM,GMB,270,"Per cent of young people (aged 15-24 years) with comprehensive, correct knowledge of HIV",2020,18.200001,Male,Units,%,Reported,Free,End of fieldwork,15 to 24 years old
Ghana,GH,GHA,288,"Per cent of young people (aged 15-24 years) with comprehensive, correct knowledge of HIV",2003,25,Female,Units,%,Reported,Free,End of fieldwork,15 to 24 years old
Ghana,GH,GHA,288,"Per cent of young people (aged 15-24 years) with comprehensive, correct knowledge of HIV",2008,28.299999,Female,Units,%,Reported,Free,End of fieldwork,15 to 24 years old
Ghana,GH,GHA,288,"Per cent of young people (aged 15-24 years) with comprehensive, correct knowledge of HIV",2014,19.9,Female,Units,%,Reported,Free,End of fieldwork,15 to 24 years old
Ghana,GH,GHA,288,"Per cent of young people (aged 15-24 years) with comprehensive, correct knowledge of HIV",2003,33,Male,Units,%,Reported,Free,End of fieldwork,15 to 24 years old
Ghana,GH,GHA,288,"Per cent of young people (aged 15-24 years) with comprehensive, correct knowledge of HIV",2008,34.200001,Male,Units,%,Reported,Free,End of fieldwork,15 to 24 years old
Ghana,GH,GHA,288,"Per cent of young people (aged 15-24 years) with comprehensive, correct knowledge of HIV",2014,27.200001,Male,Units,%,Reported,Free,End of fieldwork,15 to 24 years old
Guinea,GN,GIN,324,"Per cent of young people (aged 15-24 years) with comprehensive, correct knowledge of HIV",2005,16.9,Female,Units,%,Reported,Free,End of fieldwork,15 to 24 years old
Guinea,GN,GIN,324,"Per cent of young people (aged 15-24 years) with comprehensive, correct knowledge of HIV",2012,20.299999,Female,Units,%,Reported,Free,End of fieldwork,15 to 24 years old
Guinea,GN,GIN,324,"Per cent of young people (aged 15-24 years) with comprehensive, correct knowledge of HIV",2018,20.700001,Female,Units,%,Reported,Free,End of fieldwork,15 to 24 years old
Guinea,GN,GIN,324,"Per cent of young people (aged 15-24 years) with comprehensive, correct knowledge of HIV",2005,22.799999,Male,Units,%,Reported,Free,End of fieldwork,15 to 24 years old
Guinea,GN,GIN,324,"Per cent of young people (aged 15-24 years) with comprehensive, correct knowledge of HIV",2012,32.200001,Male,Units,%,Reported,Free,End of fieldwork,15 to 24 years old
Guinea,GN,GIN,324,"Per cent of young people (aged 15-24 years) with comprehensive, correct knowledge of HIV",2018,24.5,Male,Units,%,Reported,Free,End of fieldwork,15 to 24 years old
Guyana,GY,GUY,328,"Per cent of young people (aged 15-24 years) with comprehensive, correct knowledge of HIV",2005,52.599998,Female,Units,%,Reported,Free,End of fieldwork,15 to 24 years old
Guyana,GY,GUY,328,"Per cent of young people (aged 15-24 years) with comprehensive, correct knowledge of HIV",2009,54.099998,Female,Units,%,Reported,Free,End of fieldwork,15 to 24 years old
Guyana,GY,GUY,328,"Per cent of young people (aged 15-24 years) with comprehensive, correct knowledge of HIV",2005,47.299999,Male,Units,%,Reported,Free,End of fieldwork,15 to 24 years old
Guyana,GY,GUY,328,"Per cent of young people (aged 15-24 years) with comprehensive, correct knowledge of HIV",2009,46.599998,Male,Units,%,Reported,Free,End of fieldwork,15 to 24 years old
Haiti,HT,HTI,332,"Per cent of young people (aged 15-24 years) with comprehensive, correct knowledge of HIV",2006,31.9,Female,Units,%,Reported,Free,End of fieldwork,15 to 24 years old
Haiti,HT,HTI,332,"Per cent of young people (aged 15-24 years) with comprehensive, correct knowledge of HIV",2012,34.599998,Female,Units,%,Reported,Free,End of fieldwork,15 to 24 years old
Haiti,HT,HTI,332,"Per cent of young people (aged 15-24 years) with comprehensive, correct knowledge of HIV",2017,38.299999,Female,Units,%,Reported,Free,End of fieldwork,15 to 24 years old
Haiti,HT,HTI,332,"Per cent of young people (aged 15-24 years) with comprehensive, correct knowledge of HIV",2006,40.400002,Male,Units,%,Reported,Free,End of fieldwork,15 to 24 years old
Haiti,HT,HTI,332,"Per cent of young people (aged 15-24 years) with comprehensive, correct knowledge of HIV",2012,27.6,Male,Units,%,Reported,Free,End of fieldwork,15 to 24 years old
Haiti,HT,HTI,332,"Per cent of young people (aged 15-24 years) with comprehensive, correct knowledge of HIV",2017,36.200001,Male,Units,%,Reported,Free,End of fieldwork,15 to 24 years old
Honduras,HN,HND,340,"Per cent of young people (aged 15-24 years) with comprehensive, correct knowledge of HIV",2006,29.9,Female,Units,%,Reported,Free,End of fieldwork,15 to 24 years old
Honduras,HN,HND,340,"Per cent of young people (aged 15-24 years) with comprehensive, correct knowledge of HIV",2012,33.299999,Female,Units,%,Reported,Free,End of fieldwork,15 to 24 years old
Honduras,HN,HND,340,"Per cent of young people (aged 15-24 years) with comprehensive, correct knowledge of HIV",2012,36.299999,Male,Units,%,Reported,Free,End of fieldwork,15 to 24 years old
India,IN,IND,356,"Per cent of young people (aged 15-24 years) with comprehensive, correct knowledge of HIV",2006,19.9,Female,Units,%,Reported,Free,End of fieldwork,15 to 24 years old
India,IN,IND,356,"Per cent of young people (aged 15-24 years) with comprehensive, correct knowledge of HIV",2016,21.700001,Female,Units,%,Reported,Free,End of fieldwork,15 to 24 years old
India,IN,IND,356,"Per cent of young people (aged 15-24 years) with comprehensive, correct knowledge of HIV",2021,20.1,Female,Units,%,Reported,Free,End of fieldwork,15 to 24 years old
India,IN,IND,356,"Per cent of young people (aged 15-24 years) with comprehensive, correct knowledge of HIV",2006,36.099998,Male,Units,%,Reported,Free,End of fieldwork,15 to 24 years old
India,IN,IND,356,"Per cent of young people (aged 15-24 years) with comprehensive, correct knowledge of HIV",2016,31.5,Male,Units,%,Reported,Free,End of fieldwork,15 to 24 years old
India,IN,IND,356,"Per cent of young people (aged 15-24 years) with comprehensive, correct knowledge of HIV",2021,28.5,Male,Units,%,Reported,Free,End of fieldwork,15 to 24 years old
Indonesia,ID,IDN,360,"Per cent of young people (aged 15-24 years) with comprehensive, correct knowledge of HIV",2003,.89999998,Female,Units,%,Reported,Free,End of fieldwork,15 to 24 years old
Indonesia,ID,IDN,360,"Per cent of young people (aged 15-24 years) with comprehensive, correct knowledge of HIV",2007,9.5,Female,Units,%,Reported,Free,End of fieldwork,15 to 24 years old
Indonesia,ID,IDN,360,"Per cent of young people (aged 15-24 years) with comprehensive, correct knowledge of HIV",2012,11.4,Female,Units,%,Reported,Free,End of fieldwork,15 to 24 years old
Indonesia,ID,IDN,360,"Per cent of young people (aged 15-24 years) with comprehensive, correct knowledge of HIV",2017,14.5,Female,Units,%,Reported,Free,End of fieldwork,15 to 24 years old
Indonesia,ID,IDN,360,"Per cent of young people (aged 15-24 years) with comprehensive, correct knowledge of HIV",2003,.2,Male,Units,%,Reported,Free,End of fieldwork,15 to 24 years old
Indonesia,ID,IDN,360,"Per cent of young people (aged 15-24 years) with comprehensive, correct knowledge of HIV",2007,14.7,Male,Units,%,Reported,Free,End of fieldwork,15 to 24 years old
Indonesia,ID,IDN,360,"Per cent of young people (aged 15-24 years) with comprehensive, correct knowledge of HIV",2012,10.3,Male,Units,%,Reported,Free,End of fieldwork,15 to 24 years old
Jordan,JO,JOR,400,"Per cent of young people (aged 15-24 years) with comprehensive, correct knowledge of HIV",2002,1.9,Female,Units,%,Reported,Free,End of fieldwork,15 to 24 years old
Jordan,JO,JOR,400,"Per cent of young people (aged 15-24 years) with comprehensive, correct knowledge of HIV",2007,12.5,Female,Units,%,Reported,Free,End of fieldwork,15 to 24 years old
Jordan,JO,JOR,400,"Per cent of young people (aged 15-24 years) with comprehensive, correct knowledge of HIV",2012,8.6000004,Female,Units,%,Reported,Free,End of fieldwork,15 to 24 years old
Jordan,JO,JOR,400,"Per cent of young people (aged 15-24 years) with comprehensive, correct knowledge of HIV",2018,6.5999999,Female,Units,%,Reported,Free,End of fieldwork,15 to 24 years old
Jordan,JO,JOR,400,"Per cent of young people (aged 15-24 years) with comprehensive, correct knowledge of HIV",2018,8.1000004,Male,Units,%,Reported,Free,End of fieldwork,15 to 24 years old
Kenya,KE,KEN,404,"Per cent of young people (aged 15-24 years) with comprehensive, correct knowledge of HIV",2003,33.799999,Female,Units,%,Reported,Free,End of fieldwork,15 to 24 years old
Kenya,KE,KEN,404,"Per cent of young people (aged 15-24 years) with comprehensive, correct knowledge of HIV",2009,46.599998,Female,Units,%,Reported,Free,End of fieldwork,15 to 24 years old
Kenya,KE,KEN,404,"Per cent of young people (aged 15-24 years) with comprehensive, correct knowledge of HIV",2014,56.599998,Female,Units,%,Reported,Free,End of fieldwork,15 to 24 years old
Kenya,KE,KEN,404,"Per cent of young people (aged 15-24 years) with comprehensive, correct knowledge of HIV",2022,54.200001,Female,Units,%,Reported,Free,End of fieldwork,15 to 24 years old
Kenya,KE,KEN,404,"Per cent of young people (aged 15-24 years) with comprehensive, correct knowledge of HIV",2003,47.200001,Male,Units,%,Reported,Free,End of fieldwork,15 to 24 years old
Kenya,KE,KEN,404,"Per cent of young people (aged 15-24 years) with comprehensive, correct knowledge of HIV",2009,55.299999,Male,Units,%,Reported,Free,End of fieldwork,15 to 24 years old
Kenya,KE,KEN,404,"Per cent of young people (aged 15-24 years) with comprehensive, correct knowledge of HIV",2014,63.700001,Male,Units,%,Reported,Free,End of fieldwork,15 to 24 years old
Kenya,KE,KEN,404,"Per cent of young people (aged 15-24 years) with comprehensive, correct knowledge of HIV",2022,55.200001,Male,Units,%,Reported,Free,End of fieldwork,15 to 24 years old
Lebanon,LB,LBN,422,"Per cent of young people (aged 15-24 years) with comprehensive, correct knowledge of HIV",2007,20.5,Female,Units,%,Reported,Free,End of fieldwork,15 to 24 years old
Lebanon,LB,LBN,422,"Per cent of young people (aged 15-24 years) with comprehensive, correct knowledge of HIV",2013,35.700001,Female,Units,%,Reported,Free,End of fieldwork,15 to 24 years old
Lebanon,LB,LBN,422,"Per cent of young people (aged 15-24 years) with comprehensive, correct knowledge of HIV",2020,31.6,Female,Units,%,Reported,Free,End of fieldwork,15 to 24 years old
Lebanon,LB,LBN,422,"Per cent of young people (aged 15-24 years) with comprehensive, correct knowledge of HIV",2007,27.200001,Male,Units,%,Reported,Free,End of fieldwork,15 to 24 years old
Lebanon,LB,LBN,422,"Per cent of young people (aged 15-24 years) with comprehensive, correct knowledge of HIV",2013,28.5,Male,Units,%,Reported,Free,End of fieldwork,15 to 24 years old
Lebanon,LB,LBN,422,"Per cent of young people (aged 15-24 years) with comprehensive, correct knowledge of HIV",2020,29.5,Male,Units,%,Reported,Free,End of fieldwork,15 to 24 years old
Lesotho,LS,LSO,426,"Per cent of young people (aged 15-24 years) with comprehensive, correct knowledge of HIV",2004,27.299999,Female,Units,%,Reported,Free,End of fieldwork,15 to 24 years old
Lesotho,LS,LSO,426,"Per cent of young people (aged 15-24 years) with comprehensive, correct knowledge of HIV",2009,37.400002,Female,Units,%,Reported,Free,End of fieldwork,15 to 24 years old
Lesotho,LS,LSO,426,"Per cent of young people (aged 15-24 years) with comprehensive, correct knowledge of HIV",2014,37.599998,Female,Units,%,Reported,Free,End of fieldwork,15 to 24 years old
Lesotho,LS,LSO,426,"Per cent of young people (aged 15-24 years) with comprehensive, correct knowledge of HIV",2017,42.200001,Female,Units,%,Reported,Free,End of fieldwork,15 to 24 years old
Lesotho,LS,LSO,426,"Per cent of young people (aged 15-24 years) with comprehensive, correct knowledge of HIV",2004,19.299999,Male,Units,%,Reported,Free,End of fieldwork,15 to 24 years old
Lesotho,LS,LSO,426,"Per cent of young people (aged 15-24 years) with comprehensive, correct knowledge of HIV",2009,26.700001,Male,Units,%,Reported,Free,End of fieldwork,15 to 24 years old
Lesotho,LS,LSO,426,"Per cent of young people (aged 15-24 years) with comprehensive, correct knowledge of HIV",2014,30.9,Male,Units,%,Reported,Free,End of fieldwork,15 to 24 years old
Lesotho,LS,LSO,426,"Per cent of young people (aged 15-24 years) with comprehensive, correct knowledge of HIV",2017,25.4,Male,Units,%,Reported,Free,End of fieldwork,15 to 24 years old
Lesotho,LS,LSO,426,"Per cent of young people (aged 15-24 years) with comprehensive, correct knowledge of HIV",2017,33,Total,Units,%,Reported,Free,End of fieldwork,15 to 24 years old
Madagascar,MG,MDG,450,"Per cent of young people (aged 15-24 years) with comprehensive, correct knowledge of HIV",2004,19.4,Female,Units,%,Reported,Free,End of fieldwork,15 to 24 years old
Madagascar,MG,MDG,450,"Per cent of young people (aged 15-24 years) with comprehensive, correct knowledge of HIV",2009,22.5,Female,Units,%,Reported,Free,End of fieldwork,15 to 24 years old
Madagascar,MG,MDG,450,"Per cent of young people (aged 15-24 years) with comprehensive, correct knowledge of HIV",2021,26,Female,Units,%,Reported,Free,End of fieldwork,15 to 24 years old
Madagascar,MG,MDG,450,"Per cent of young people (aged 15-24 years) with comprehensive, correct knowledge of HIV",2004,15.7,Male,Units,%,Reported,Free,End of fieldwork,15 to 24 years old
Madagascar,MG,MDG,450,"Per cent of young people (aged 15-24 years) with comprehensive, correct knowledge of HIV",2009,26,Male,Units,%,Reported,Free,End of fieldwork,15 to 24 years old
Madagascar,MG,MDG,450,"Per cent of young people (aged 15-24 years) with comprehensive, correct knowledge of HIV",2021,24,Male,Units,%,Reported,Free,End of fieldwork,15 to 24 years old
Malawi,MW,MWI,454,"Per cent of young people (aged 15-24 years) with comprehensive, correct knowledge of HIV",2004,25.200001,Female,Units,%,Reported,Free,End of fieldwork,15 to 24 years old
Malawi,MW,MWI,454,"Per cent of young people (aged 15-24 years) with comprehensive, correct knowledge of HIV",2010,41.799999,Female,Units,%,Reported,Free,End of fieldwork,15 to 24 years old
Malawi,MW,MWI,454,"Per cent of young people (aged 15-24 years) with comprehensive, correct knowledge of HIV",2016,41.099998,Female,Units,%,Reported,Free,End of fieldwork,15 to 24 years old
Malawi,MW,MWI,454,"Per cent of young people (aged 15-24 years) with comprehensive, correct knowledge of HIV",2004,37.099998,Male,Units,%,Reported,Free,End of fieldwork,15 to 24 years old
Malawi,MW,MWI,454,"Per cent of young people (aged 15-24 years) with comprehensive, correct knowledge of HIV",2010,44.700001,Male,Units,%,Reported,Free,End of fieldwork,15 to 24 years old
Malawi,MW,MWI,454,"Per cent of young people (aged 15-24 years) with comprehensive, correct knowledge of HIV",2016,44.299999,Male,Units,%,Reported,Free,End of fieldwork,15 to 24 years old
Maldives,MV,MDV,462,"Per cent of young people (aged 15-24 years) with comprehensive, correct knowledge of HIV",2009,35,Female,Units,%,Reported,Free,End of fieldwork,15 to 24 years old
Maldives,MV,MDV,462,"Per cent of young people (aged 15-24 years) with comprehensive, correct knowledge of HIV",2017,29.299999,Female,Units,%,Reported,Free,End of fieldwork,15 to 24 years old
Maldives,MV,MDV,462,"Per cent of young people (aged 15-24 years) with comprehensive, correct knowledge of HIV",2009,40.299999,Male,Units,%,Reported,Free,End of fieldwork,15 to 24 years old
Maldives,MV,MDV,462,"Per cent of young people (aged 15-24 years) with comprehensive, correct knowledge of HIV",2017,26.4,Male,Units,%,Reported,Free,End of fieldwork,15 to 24 years old
Mali,ML,MLI,466,"Per cent of young people (aged 15-24 years) with comprehensive, correct knowledge of HIV",2001,9.1000004,Female,Units,%,Reported,Free,End of fieldwork,15 to 24 years old
Mali,ML,MLI,466,"Per cent of young people (aged 15-24 years) with comprehensive, correct knowledge of HIV",2006,17.9,Female,Units,%,Reported,Free,End of fieldwork,15 to 24 years old
Mali,ML,MLI,466,"Per cent of young people (aged 15-24 years) with comprehensive, correct knowledge of HIV",2013,23.700001,Female,Units,%,Reported,Free,End of fieldwork,15 to 24 years old
Mali,ML,MLI,466,"Per cent of young people (aged 15-24 years) with comprehensive, correct knowledge of HIV",2018,15.6,Female,Units,%,Reported,Free,End of fieldwork,15 to 24 years old
Mali,ML,MLI,466,"Per cent of young people (aged 15-24 years) with comprehensive, correct knowledge of HIV",2001,14.9,Male,Units,%,Reported,Free,End of fieldwork,15 to 24 years old
Mali,ML,MLI,466,"Per cent of young people (aged 15-24 years) with comprehensive, correct knowledge of HIV",2006,22.200001,Male,Units,%,Reported,Free,End of fieldwork,15 to 24 years old
Mali,ML,MLI,466,"Per cent of young people (aged 15-24 years) with comprehensive, correct knowledge of HIV",2013,33,Male,Units,%,Reported,Free,End of fieldwork,15 to 24 years old
Mali,ML,MLI,466,"Per cent of young people (aged 15-24 years) with comprehensive, correct knowledge of HIV",2018,16.200001,Male,Units,%,Reported,Free,End of fieldwork,15 to 24 years old
Mauritania,MR,MRT,478,"Per cent of young people (aged 15-24 years) with comprehensive, correct knowledge of HIV",2021,5.9000001,Female,Units,%,Reported,Free,End of fieldwork,15 to 24 years old
Mauritania,MR,MRT,478,"Per cent of young people (aged 15-24 years) with comprehensive, correct knowledge of HIV",2021,9.5,Male,Units,%,Reported,Free,End of fieldwork,15 to 24 years old
Morocco,MA,MAR,504,"Per cent of young people (aged 15-24 years) with comprehensive, correct knowledge of HIV",2004,11.7,Female,Units,%,Reported,Free,End of fieldwork,15 to 24 years old
Mozambique,MZ,MOZ,508,"Per cent of young people (aged 15-24 years) with comprehensive, correct knowledge of HIV",2003,20,Female,Units,%,Reported,Free,End of fieldwork,15 to 24 years old
Mozambique,MZ,MOZ,508,"Per cent of young people (aged 15-24 years) with comprehensive, correct knowledge of HIV",2009,35.700001,Female,Units,%,Reported,Free,End of fieldwork,15 to 24 years old
Mozambique,MZ,MOZ,508,"Per cent of young people (aged 15-24 years) with comprehensive, correct knowledge of HIV",2011,30.200001,Female,Units,%,Reported,Free,End of fieldwork,15 to 24 years old
Mozambique,MZ,MOZ,508,"Per cent of young people (aged 15-24 years) with comprehensive, correct knowledge of HIV",2015,30.799999,Female,Units,%,Reported,Free,End of fieldwork,15 to 24 years old
Mozambique,MZ,MOZ,508,"Per cent of young people (aged 15-24 years) with comprehensive, correct knowledge of HIV",2003,32.799999,Male,Units,%,Reported,Free,End of fieldwork,15 to 24 years old
Mozambique,MZ,MOZ,508,"Per cent of young people (aged 15-24 years) with comprehensive, correct knowledge of HIV",2009,33.700001,Male,Units,%,Reported,Free,End of fieldwork,15 to 24 years old
Mozambique,MZ,MOZ,508,"Per cent of young people (aged 15-24 years) with comprehensive, correct knowledge of HIV",2011,51.799999,Male,Units,%,Reported,Free,End of fieldwork,15 to 24 years old
Mozambique,MZ,MOZ,508,"Per cent of young people (aged 15-24 years) with comprehensive, correct knowledge of HIV",2015,30.200001,Male,Units,%,Reported,Free,End of fieldwork,15 to 24 years old
Burma,MM,MMR,104,"Per cent of young people (aged 15-24 years) with comprehensive, correct knowledge of HIV",2016,16.200001,Female,Units,%,Reported,Free,End of fieldwork,15 to 24 years old
Burma,MM,MMR,104,"Per cent of young people (aged 15-24 years) with comprehensive, correct knowledge of HIV",2016,17.799999,Male,Units,%,Reported,Free,End of fieldwork,15 to 24 years old
Namibia,,NAM,516,"Per cent of young people (aged 15-24 years) with comprehensive, correct knowledge of HIV",2000,30.9,Female,Units,%,Reported,Free,End of fieldwork,15 to 24 years old
Namibia,,NAM,516,"Per cent of young people (aged 15-24 years) with comprehensive, correct knowledge of HIV",2007,59.400002,Female,Units,%,Reported,Free,End of fieldwork,15 to 24 years old
Namibia,,NAM,516,"Per cent of young people (aged 15-24 years) with comprehensive, correct knowledge of HIV",2013,61.599998,Female,Units,%,Reported,Free,End of fieldwork,15 to 24 years old
Namibia,,NAM,516,"Per cent of young people (aged 15-24 years) with comprehensive, correct knowledge of HIV",2000,40.799999,Male,Units,%,Reported,Free,End of fieldwork,15 to 24 years old
Namibia,,NAM,516,"Per cent of young people (aged 15-24 years) with comprehensive, correct knowledge of HIV",2007,52.900002,Male,Units,%,Reported,Free,End of fieldwork,15 to 24 years old
Namibia,,NAM,516,"Per cent of young people (aged 15-24 years) with comprehensive, correct knowledge of HIV",2013,60.599998,Male,Units,%,Reported,Free,End of fieldwork,15 to 24 years old
Nepal,NP,NPL,524,"Per cent of young people (aged 15-24 years) with comprehensive, correct knowledge of HIV",2006,27.6,Female,Units,%,Reported,Free,End of fieldwork,15 to 24 years old
Nepal,NP,NPL,524,"Per cent of young people (aged 15-24 years) with comprehensive, correct knowledge of HIV",2011,25.799999,Female,Units,%,Reported,Free,End of fieldwork,15 to 24 years old
Nepal,NP,NPL,524,"Per cent of young people (aged 15-24 years) with comprehensive, correct knowledge of HIV",2016,20.700001,Female,Units,%,Reported,Free,End of fieldwork,15 to 24 years old
Nepal,NP,NPL,524,"Per cent of young people (aged 15-24 years) with comprehensive, correct knowledge of HIV",2022,16,Female,Units,%,Reported,Free,End of fieldwork,15 to 24 years old
Nepal,NP,NPL,524,"Per cent of young people (aged 15-24 years) with comprehensive, correct knowledge of HIV",2006,43.599998,Male,Units,%,Reported,Free,End of fieldwork,15 to 24 years old
Nepal,NP,NPL,524,"Per cent of young people (aged 15-24 years) with comprehensive, correct knowledge of HIV",2011,33.900002,Male,Units,%,Reported,Free,End of fieldwork,15 to 24 years old
Nepal,NP,NPL,524,"Per cent of young people (aged 15-24 years) with comprehensive, correct knowledge of HIV",2016,27.1,Male,Units,%,Reported,Free,End of fieldwork,15 to 24 years old
Nepal,NP,NPL,524,"Per cent of young people (aged 15-24 years) with comprehensive, correct knowledge of HIV",2022,26.799999,Male,Units,%,Reported,Free,End of fieldwork,15 to 24 years old
Nicaragua,NI,NIC,558,"Per cent of young people (aged 15-24 years) with comprehensive, correct knowledge of HIV",2006,13.4,Female,Units,%,Reported,Free,End of fieldwork,15 to 24 years old
Nicaragua,NI,NIC,558,"Per cent of young people (aged 15-24 years) with comprehensive, correct knowledge of HIV",2012,13,Female,Units,%,Reported,Free,End of fieldwork,15 to 24 years old
Nicaragua,NI,NIC,558,"Per cent of young people (aged 15-24 years) with comprehensive, correct knowledge of HIV",2006,15.9,Male,Units,%,Reported,Free,End of fieldwork,15 to 24 years old
Nicaragua,NI,NIC,558,"Per cent of young people (aged 15-24 years) with comprehensive, correct knowledge of HIV",2012,24.799999,Male,Units,%,Reported,Free,End of fieldwork,15 to 24 years old
Nigeria,NG,NGA,566,"Per cent of young people (aged 15-24 years) with comprehensive, correct knowledge of HIV",2003,14.5,Female,Units,%,Reported,Free,End of fieldwork,15 to 24 years old
Nigeria,NG,NGA,566,"Per cent of young people (aged 15-24 years) with comprehensive, correct knowledge of HIV",2008,22.200001,Female,Units,%,Reported,Free,End of fieldwork,15 to 24 years old
Nigeria,NG,NGA,566,"Per cent of young people (aged 15-24 years) with comprehensive, correct knowledge of HIV",2013,24.200001,Female,Units,%,Reported,Free,End of fieldwork,15 to 24 years old
Nigeria,NG,NGA,566,"Per cent of young people (aged 15-24 years) with comprehensive, correct knowledge of HIV",2018,42.599998,Female,Units,%,Reported,Free,End of fieldwork,15 to 24 years old
Nigeria,NG,NGA,566,"Per cent of young people (aged 15-24 years) with comprehensive, correct knowledge of HIV",2008,32.599998,Male,Units,%,Reported,Free,End of fieldwork,15 to 24 years old
Nigeria,NG,NGA,566,"Per cent of young people (aged 15-24 years) with comprehensive, correct knowledge of HIV",2013,33.5,Male,Units,%,Reported,Free,End of fieldwork,15 to 24 years old
Nigeria,NG,NGA,566,"Per cent of young people (aged 15-24 years) with comprehensive, correct knowledge of HIV",2018,33.700001,Male,Units,%,Reported,Free,End of fieldwork,15 to 24 years old
Pakistan,PK,PAK,586,"Per cent of young people (aged 15-24 years) with comprehensive, correct knowledge of HIV",2007,3.4000001,Female,Units,%,Reported,Free,End of fieldwork,15 to 24 years old
Pakistan,PK,PAK,586,"Per cent of young people (aged 15-24 years) with comprehensive, correct knowledge of HIV",2013,4.1999998,Female,Units,%,Reported,Free,End of fieldwork,15 to 24 years old
Pakistan,PK,PAK,586,"Per cent of young people (aged 15-24 years) with comprehensive, correct knowledge of HIV",2018,1.8,Female,Units,%,Reported,Free,End of fieldwork,15 to 24 years old
Pakistan,PK,PAK,586,"Per cent of young people (aged 15-24 years) with comprehensive, correct knowledge of HIV",2013,5.1999998,Male,Units,%,Reported,Free,End of fieldwork,15 to 24 years old
Pakistan,PK,PAK,586,"Per cent of young people (aged 15-24 years) with comprehensive, correct knowledge of HIV",2018,5.9000001,Male,Units,%,Reported,Free,End of fieldwork,15 to 24 years old
Papua New Guinea,PG,PNG,598,"Per cent of young people (aged 15-24 years) with comprehensive, correct knowledge of HIV",2018,24.4,Female,Units,%,Reported,Free,End of fieldwork,15 to 24 years old
Papua New Guinea,PG,PNG,598,"Per cent of young people (aged 15-24 years) with comprehensive, correct knowledge of HIV",2018,26.200001,Male,Units,%,Reported,Free,End of fieldwork,15 to 24 years old
Peru,PE,PER,604,"Per cent of young people (aged 15-24 years) with comprehensive, correct knowledge of HIV",2006,6.0999999,Female,Units,%,Reported,Free,End of fieldwork,15 to 24 years old
Peru,PE,PER,604,"Per cent of young people (aged 15-24 years) with comprehensive, correct knowledge of HIV",2008,20,Female,Units,%,Reported,Free,End of fieldwork,15 to 24 years old
Peru,PE,PER,604,"Per cent of young people (aged 15-24 years) with comprehensive, correct knowledge of HIV",2009,22,Female,Units,%,Reported,Free,End of fieldwork,15 to 24 years old
Philippines,PH,PHL,608,"Per cent of young people (aged 15-24 years) with comprehensive, correct knowledge of HIV",2003,11.8,Female,Units,%,Reported,Free,End of fieldwork,15 to 24 years old
Philippines,PH,PHL,608,"Per cent of young people (aged 15-24 years) with comprehensive, correct knowledge of HIV",2008,20.700001,Female,Units,%,Reported,Free,End of fieldwork,15 to 24 years old
Philippines,PH,PHL,608,"Per cent of young people (aged 15-24 years) with comprehensive, correct knowledge of HIV",2013,15.1,Female,Units,%,Reported,Free,End of fieldwork,15 to 24 years old
Philippines,PH,PHL,608,"Per cent of young people (aged 15-24 years) with comprehensive, correct knowledge of HIV",2017,20.200001,Female,Units,%,Reported,Free,End of fieldwork,15 to 24 years old
Philippines,PH,PHL,608,"Per cent of young people (aged 15-24 years) with comprehensive, correct knowledge of HIV",2022,26.1,Female,Units,%,Reported,Free,End of fieldwork,15 to 24 years old
Philippines,PH,PHL,608,"Per cent of young people (aged 15-24 years) with comprehensive, correct knowledge of HIV",2003,17.6,Male,Units,%,Reported,Free,End of fieldwork,15 to 24 years old
Rwanda,RW,RWA,646,"Per cent of young people (aged 15-24 years) with comprehensive, correct knowledge of HIV",2000,23.4,Female,Units,%,Reported,Free,End of fieldwork,15 to 24 years old
Rwanda,RW,RWA,646,"Per cent of young people (aged 15-24 years) with comprehensive, correct knowledge of HIV",2005,50.900002,Female,Units,%,Reported,Free,End of fieldwork,15 to 24 years old
Rwanda,RW,RWA,646,"Per cent of young people (aged 15-24 years) with comprehensive, correct knowledge of HIV",2010,52,Female,Units,%,Reported,Free,End of fieldwork,15 to 24 years old
Rwanda,RW,RWA,646,"Per cent of young people (aged 15-24 years) with comprehensive, correct knowledge of HIV",2015,64.599998,Female,Units,%,Reported,Free,End of fieldwork,15 to 24 years old
Rwanda,RW,RWA,646,"Per cent of young people (aged 15-24 years) with comprehensive, correct knowledge of HIV",2020,58.799999,Female,Units,%,Reported,Free,End of fieldwork,15 to 24 years old
Rwanda,RW,RWA,646,"Per cent of young people (aged 15-24 years) with comprehensive, correct knowledge of HIV",2000,20,Male,Units,%,Reported,Free,End of fieldwork,15 to 24 years old
Rwanda,RW,RWA,646,"Per cent of young people (aged 15-24 years) with comprehensive, correct knowledge of HIV",2005,53.599998,Male,Units,%,Reported,Free,End of fieldwork,15 to 24 years old
Rwanda,RW,RWA,646,"Per cent of young people (aged 15-24 years) with comprehensive, correct knowledge of HIV",2010,46.099998,Male,Units,%,Reported,Free,End of fieldwork,15 to 24 years old
Rwanda,RW,RWA,646,"Per cent of young people (aged 15-24 years) with comprehensive, correct knowledge of HIV",2015,64.300003,Male,Units,%,Reported,Free,End of fieldwork,15 to 24 years old
Rwanda,RW,RWA,646,"Per cent of young people (aged 15-24 years) with comprehensive, correct knowledge of HIV",2020,57.400002,Male,Units,%,Reported,Free,End of fieldwork,15 to 24 years old
Sao Tome and Principe,ST,STP,678,"Per cent of young people (aged 15-24 years) with comprehensive, correct knowledge of HIV",2009,42.599998,Female,Units,%,Reported,Free,End of fieldwork,15 to 24 years old
Sao Tome and Principe,ST,STP,678,"Per cent of young people (aged 15-24 years) with comprehensive, correct knowledge of HIV",2009,43.400002,Male,Units,%,Reported,Free,End of fieldwork,15 to 24 years old
Senegal,SN,SEN,686,"Per cent of young people (aged 15-24 years) with comprehensive, correct knowledge of HIV",2005,19.299999,Female,Units,%,Reported,Free,End of fieldwork,15 to 24 years old
Senegal,SN,SEN,686,"Per cent of young people (aged 15-24 years) with comprehensive, correct knowledge of HIV",2011,29.4,Female,Units,%,Reported,Free,End of fieldwork,15 to 24 years old
Senegal,SN,SEN,686,"Per cent of young people (aged 15-24 years) with comprehensive, correct knowledge of HIV",2014,27.799999,Female,Units,%,Reported,Free,End of fieldwork,15 to 24 years old
Senegal,SN,SEN,686,"Per cent of young people (aged 15-24 years) with comprehensive, correct knowledge of HIV",2015,26.6,Female,Units,%,Reported,Free,End of fieldwork,15 to 24 years old
Senegal,SN,SEN,686,"Per cent of young people (aged 15-24 years) with comprehensive, correct knowledge of HIV",2016,25.700001,Female,Units,%,Reported,Free,End of fieldwork,15 to 24 years old
Senegal,SN,SEN,686,"Per cent of young people (aged 15-24 years) with comprehensive, correct knowledge of HIV",2017,26.200001,Female,Units,%,Reported,Free,End of fieldwork,15 to 24 years old
Senegal,SN,SEN,686,"Per cent of young people (aged 15-24 years) with comprehensive, correct knowledge of HIV",2005,23.700001,Male,Units,%,Reported,Free,End of fieldwork,15 to 24 years old
Senegal,SN,SEN,686,"Per cent of young people (aged 15-24 years) with comprehensive, correct knowledge of HIV",2011,30.700001,Male,Units,%,Reported,Free,End of fieldwork,15 to 24 years old
Senegal,SN,SEN,686,"Per cent of young people (aged 15-24 years) with comprehensive, correct knowledge of HIV",2014,36.200001,Male,Units,%,Reported,Free,End of fieldwork,15 to 24 years old
Senegal,SN,SEN,686,"Per cent of young people (aged 15-24 years) with comprehensive, correct knowledge of HIV",2015,32.799999,Male,Units,%,Reported,Free,End of fieldwork,15 to 24 years old
Senegal,SN,SEN,686,"Per cent of young people (aged 15-24 years) with comprehensive, correct knowledge of HIV",2016,32.400002,Male,Units,%,Reported,Free,End of fieldwork,15 to 24 years old
Senegal,SN,SEN,686,"Per cent of young people (aged 15-24 years) with comprehensive, correct knowledge of HIV",2017,33.099998,Male,Units,%,Reported,Free,End of fieldwork,15 to 24 years old
Sierra Leone,SL,SLE,694,"Per cent of young people (aged 15-24 years) with comprehensive, correct knowledge of HIV",2008,17.200001,Female,Units,%,Reported,Free,End of fieldwork,15 to 24 years old
Sierra Leone,SL,SLE,694,"Per cent of young people (aged 15-24 years) with comprehensive, correct knowledge of HIV",2013,28.799999,Female,Units,%,Reported,Free,End of fieldwork,15 to 24 years old
Sierra Leone,SL,SLE,694,"Per cent of young people (aged 15-24 years) with comprehensive, correct knowledge of HIV",2019,28.700001,Female,Units,%,Reported,Free,End of fieldwork,15 to 24 years old
Sierra Leone,SL,SLE,694,"Per cent of young people (aged 15-24 years) with comprehensive, correct knowledge of HIV",2008,27.6,Male,Units,%,Reported,Free,End of fieldwork,15 to 24 years old
Sierra Leone,SL,SLE,694,"Per cent of young people (aged 15-24 years) with comprehensive, correct knowledge of HIV",2013,30,Male,Units,%,Reported,Free,End of fieldwork,15 to 24 years old
Sierra Leone,SL,SLE,694,"Per cent of young people (aged 15-24 years) with comprehensive, correct knowledge of HIV",2019,27.700001,Male,Units,%,Reported,Free,End of fieldwork,15 to 24 years old
Tajikistan,TJ,TJK,762,"Per cent of young people (aged 15-24 years) with comprehensive, correct knowledge of HIV",2012,2.7,Female,Units,%,Reported,Free,End of fieldwork,15 to 24 years old
Tajikistan,TJ,TJK,762,"Per cent of young people (aged 15-24 years) with comprehensive, correct knowledge of HIV",2017,4.5999999,Female,Units,%,Reported,Free,End of fieldwork,15 to 24 years old
Timor-Leste,TL,TLS,626,"Per cent of young people (aged 15-24 years) with comprehensive, correct knowledge of HIV",2010,12.2,Female,Units,%,Reported,Free,End of fieldwork,15 to 24 years old
Timor-Leste,TL,TLS,626,"Per cent of young people (aged 15-24 years) with comprehensive, correct knowledge of HIV",2016,7.6999998,Female,Units,%,Reported,Free,End of fieldwork,15 to 24 years old
Timor-Leste,TL,TLS,626,"Per cent of young people (aged 15-24 years) with comprehensive, correct knowledge of HIV",2010,19.700001,Male,Units,%,Reported,Free,End of fieldwork,15 to 24 years old
Timor-Leste,TL,TLS,626,"Per cent of young people (aged 15-24 years) with comprehensive, correct knowledge of HIV",2016,14.6,Male,Units,%,Reported,Free,End of fieldwork,15 to 24 years old
Togo,TG,TGO,768,"Per cent of young people (aged 15-24 years) with comprehensive, correct knowledge of HIV",2014,23.299999,Female,Units,%,Reported,Free,End of fieldwork,15 to 24 years old
Togo,TG,TGO,768,"Per cent of young people (aged 15-24 years) with comprehensive, correct knowledge of HIV",2014,31.6,Male,Units,%,Reported,Free,End of fieldwork,15 to 24 years old
Uganda,UG,UGA,800,"Per cent of young people (aged 15-24 years) with comprehensive, correct knowledge of HIV",2001,28.5,Female,Units,%,Reported,Free,End of fieldwork,15 to 24 years old
Uganda,UG,UGA,800,"Per cent of young people (aged 15-24 years) with comprehensive, correct knowledge of HIV",2005,29.5,Female,Units,%,Reported,Free,End of fieldwork,15 to 24 years old
Uganda,UG,UGA,800,"Per cent of young people (aged 15-24 years) with comprehensive, correct knowledge of HIV",2006,31.9,Female,Units,%,Reported,Free,End of fieldwork,15 to 24 years old
Uganda,UG,UGA,800,"Per cent of young people (aged 15-24 years) with comprehensive, correct knowledge of HIV",2011,38.599998,Female,Units,%,Reported,Free,End of fieldwork,15 to 24 years old
Uganda,UG,UGA,800,"Per cent of young people (aged 15-24 years) with comprehensive, correct knowledge of HIV",2011-06,38.099998,Female,Units,%,Reported,Free,End of fieldwork,15 to 24 years old
Uganda,UG,UGA,800,"Per cent of young people (aged 15-24 years) with comprehensive, correct knowledge of HIV",2016,45.700001,Female,Units,%,Reported,Free,End of fieldwork,15 to 24 years old
Uganda,UG,UGA,800,"Per cent of young people (aged 15-24 years) with comprehensive, correct knowledge of HIV",2001,40.400002,Male,Units,%,Reported,Free,End of fieldwork,15 to 24 years old
Uganda,UG,UGA,800,"Per cent of young people (aged 15-24 years) with comprehensive, correct knowledge of HIV",2005,35.299999,Male,Units,%,Reported,Free,End of fieldwork,15 to 24 years old
Uganda,UG,UGA,800,"Per cent of young people (aged 15-24 years) with comprehensive, correct knowledge of HIV",2006,38.200001,Male,Units,%,Reported,Free,End of fieldwork,15 to 24 years old
Uganda,UG,UGA,800,"Per cent of young people (aged 15-24 years) with comprehensive, correct knowledge of HIV",2011,39.299999,Male,Units,%,Reported,Free,End of fieldwork,15 to 24 years old
Uganda,UG,UGA,800,"Per cent of young people (aged 15-24 years) with comprehensive, correct knowledge of HIV",2011-06,39.5,Male,Units,%,Reported,Free,End of fieldwork,15 to 24 years old
Uganda,UG,UGA,800,"Per cent of young people (aged 15-24 years) with comprehensive, correct knowledge of HIV",2016,44.799999,Male,Units,%,Reported,Free,End of fieldwork,15 to 24 years old
Ukraine,UA,UKR,804,"Per cent of young people (aged 15-24 years) with comprehensive, correct knowledge of HIV",2007,14.4,Female,Units,%,Reported,Free,End of fieldwork,15 to 24 years old
Ukraine,UA,UKR,804,"Per cent of young people (aged 15-24 years) with comprehensive, correct knowledge of HIV",2007,19.9,Male,Units,%,Reported,Free,End of fieldwork,15 to 24 years old
"Tanzania, United Republic of",TZ,TZA,834,"Per cent of young people (aged 15-24 years) with comprehensive, correct knowledge of HIV",2004,36.599998,Female,Units,%,Reported,Free,End of fieldwork,15 to 24 years old
"Tanzania, United Republic of",TZ,TZA,834,"Per cent of young people (aged 15-24 years) with comprehensive, correct knowledge of HIV",2005,46.5,Female,Units,%,Reported,Free,End of fieldwork,15 to 24 years old
"Tanzania, United Republic of",TZ,TZA,834,"Per cent of young people (aged 15-24 years) with comprehensive, correct knowledge of HIV",2008,39,Female,Units,%,Reported,Free,End of fieldwork,15 to 24 years old
"Tanzania, United Republic of",TZ,TZA,834,"Per cent of young people (aged 15-24 years) with comprehensive, correct knowledge of HIV",2010,48.200001,Female,Units,%,Reported,Free,End of fieldwork,15 to 24 years old
"Tanzania, United Republic of",TZ,TZA,834,"Per cent of young people (aged 15-24 years) with comprehensive, correct knowledge of HIV",2012,40.099998,Female,Units,%,Reported,Free,End of fieldwork,15 to 24 years old
"Tanzania, United Republic of",TZ,TZA,834,"Per cent of young people (aged 15-24 years) with comprehensive, correct knowledge of HIV",2004,39,Male,Units,%,Reported,Free,End of fieldwork,15 to 24 years old
"Tanzania, United Republic of",TZ,TZA,834,"Per cent of young people (aged 15-24 years) with comprehensive, correct knowledge of HIV",2005,41.5,Male,Units,%,Reported,Free,End of fieldwork,15 to 24 years old
"Tanzania, United Republic of",TZ,TZA,834,"Per cent of young people (aged 15-24 years) with comprehensive, correct knowledge of HIV",2008,43.599998,Male,Units,%,Reported,Free,End of fieldwork,15 to 24 years old
"Tanzania, United Republic of",TZ,TZA,834,"Per cent of young people (aged 15-24 years) with comprehensive, correct knowledge of HIV",2010,42.700001,Male,Units,%,Reported,Free,End of fieldwork,15 to 24 years old
"Tanzania, United Republic of",TZ,TZA,834,"Per cent of young people (aged 15-24 years) with comprehensive, correct knowledge of HIV",2012,46.700001,Male,Units,%,Reported,Free,End of fieldwork,15 to 24 years old
Zambia,ZM,ZMB,894,"Per cent of young people (aged 15-24 years) with comprehensive, correct knowledge of HIV",2007,34,Female,Units,%,Reported,Free,End of fieldwork,15 to 24 years old
Zambia,ZM,ZMB,894,"Per cent of young people (aged 15-24 years) with comprehensive, correct knowledge of HIV",2014,41.5,Female,Units,%,Reported,Free,End of fieldwork,15 to 24 years old
Zambia,ZM,ZMB,894,"Per cent of young people (aged 15-24 years) with comprehensive, correct knowledge of HIV",2018,42.599998,Female,Units,%,Reported,Free,End of fieldwork,15 to 24 years old
Zambia,ZM,ZMB,894,"Per cent of young people (aged 15-24 years) with comprehensive, correct knowledge of HIV",2007,36.900002,Male,Units,%,Reported,Free,End of fieldwork,15 to 24 years old
Zambia,ZM,ZMB,894,"Per cent of young people (aged 15-24 years) with comprehensive, correct knowledge of HIV",2014,46.700001,Male,Units,%,Reported,Free,End of fieldwork,15 to 24 years old
Zambia,ZM,ZMB,894,"Per cent of young people (aged 15-24 years) with comprehensive, correct knowledge of HIV",2018,40.599998,Male,Units,%,Reported,Free,End of fieldwork,15 to 24 years old
Zimbabwe,ZW,ZWE,716,"Per cent of young people (aged 15-24 years) with comprehensive, correct knowledge of HIV",2006,43.700001,Female,Units,%,Reported,Free,End of fieldwork,15 to 24 years old
Zimbabwe,ZW,ZWE,716,"Per cent of young people (aged 15-24 years) with comprehensive, correct knowledge of HIV",2011,53.299999,Female,Units,%,Reported,Free,End of fieldwork,15 to 24 years old
Zimbabwe,ZW,ZWE,716,"Per cent of young people (aged 15-24 years) with comprehensive, correct knowledge of HIV",2015,46.299999,Female,Units,%,Reported,Free,End of fieldwork,15 to 24 years old
Zimbabwe,ZW,ZWE,716,"Per cent of young people (aged 15-24 years) with comprehensive, correct knowledge of HIV",2006,45.599998,Male,Units,%,Reported,Free,End of fieldwork,15 to 24 years old
Zimbabwe,ZW,ZWE,716,"Per cent of young people (aged 15-24 years) with comprehensive, correct knowledge of HIV",2011,48.400002,Male,Units,%,Reported,Free,End of fieldwork,15 to 24 years old
Zimbabwe,ZW,ZWE,716,"Per cent of young people (aged 15-24 years) with comprehensive, correct knowledge of HIV",2015,46.599998,Male,Units,%,Reported,Free,End of fieldwork,15 to 24 years old
